"TargetModule","Coverage"
"breadth_first_search","0.12121212121212122"
"breadth_first_search","0.12121212121212122"
"breadth_first_search","0.12121212121212122"
"breadth_first_search","0.12121212121212122"
"breadth_first_search","0.12121212121212122"
"breadth_first_search","0.12121212121212122"
"breadth_first_search","0.12121212121212122"
"breadth_first_search","0.12121212121212122"
"breadth_first_search","0.12121212121212122"
"breadth_first_search","0.12121212121212122"
"breadth_first_search","0.6060606060606061"
"breadth_first_search","0.6060606060606061"
"breadth_first_search","0.12121212121212122"
"breadth_first_search","0.696969696969697"
"breadth_first_search","0.6666666666666666"
